id,text,score,permalink,thread_type
osywbhu,"An article from over a month ago. An incredibly written article by the way, one of the best I've ever read. Most people will not read it because of its length but if you have any attention span left it is fantastic.",1,https://reddit.com/r/nba/comments/1ubr597/espn_gregg_popovich_once_called_steve_kerr_to/osywbhu/,nba_general
osywb2t,What’s with the lebron glaze this past week,1,https://reddit.com/r/nba/comments/1ubmx80/14_years_ago_lebron_won_his_first_championship/osywb2t/,nba_general
osyw8ug,The part where they still have the best 2 players from that team and continue to build around them?,1,https://reddit.com/r/nba/comments/1ubu8sn/bill_simmons_pod_bill_i_dont_want_the_celtics_to/osyw8ug/,nba_general
osyw8l5,Wilt Chamberlain’s ghost is going to beat his ass in his dreams and tell him to STFU,1,https://reddit.com/r/nba/comments/1ubonhe/durant_on_warriors_i_didnt_have_no_relationship/osyw8l5/,nba_general
osyw81k,Yeah you’re right it doesn’t apply to them. Maybe they should think about sending Booker to a contender and get back firsts cos that’s a long time with no draft capital,1,https://reddit.com/r/nba/comments/1ubtqt1/charania_free_agent_guard_jordan_goodwin_intends/osyw81k/,nba_general
osyw7ec,You don’t get post 2011 Bron without that finals loss though. That failure had a huge impact on who he develops to be as a player,1,https://reddit.com/r/nba/comments/1ubix0c/how_many_of_lebrons_finals_appearances_would_he/osyw7ec/,nba_general
osyw635,New LeBron meme,1,https://reddit.com/r/nba/comments/1ub6h8r/lebron_james_turns_glass_bottle_into_bazooka_at/osyw635/,nba_general
osyw5g3,Browns injury history isn’t great either. There’s definite concerns of the trade but I think labeling Giannis as an injury concern and not Jaylen is not completely fair.,1,https://reddit.com/r/nba/comments/1ubu8sn/bill_simmons_pod_bill_i_dont_want_the_celtics_to/osyw5g3/,nba_general
osyw58o,Sorry sorry they made the third most. God the poor Buss family owning a poverty franchise must be horrible. Only making 565m last season in team revenue.,1,https://reddit.com/r/nba/comments/1ubtsb7/woike_theyve_been_conducting_interviews_since/osyw58o/,nba_general
osyw4y2,"Steve Kerr for all the stacked rosters has proven to be a really sound tactician and is generally right about if players are “winning” players. I really think 2022 was his masterpiece tactically as he ran laps around Ime, and overall has had an answer to pretty much everything besides Megatron LeBron and Kyrie on a heater.",1,https://reddit.com/r/nba/comments/1ubr597/espn_gregg_popovich_once_called_steve_kerr_to/osyw4y2/,nba_general
osyw4s9,"What singular interaction, like a conversation or piece of advice do you feel was most responsible to getting you where you are? Was it with a family member, teammate, coach or someone else?",1,https://reddit.com/r/nba/comments/1ubtqtz/ama_cameron_boozer_aj_dybantsa_darryn_peterson/osyw4s9/,nba_general
osyw4kx,Sengun might be one of the worst 5 defenders in the league. Give me Paolo. Also idk why everyone is talking about being a 1a or “the guy”. It’s not in the question at all.,1,https://reddit.com/r/nba/comments/1ubsq8h/alperen_sengun_vs_paolo_banchero_whos_the_better/osyw4kx/,nba_general
osyw3wo,I am well aware that they're far more NFL players in the NBA players. Nevertheless it seems remarkable to me that NBA players who aren't as good relatively speaking as Marshawn Lynch was in the NFL are making as much or more money in one or two years as he made making in his entire 12-year career.🤷‍♂️,1,https://reddit.com/r/nba/comments/1ubel80/top_10_highest_paid_players_next_season/osyw3wo/,nba_general
osyw31t,"I kind of get it, golden state was always a perinial loser before curry.",1,https://reddit.com/r/nba/comments/1ubonhe/durant_on_warriors_i_didnt_have_no_relationship/osyw31t/,nba_general
osyw1ie,"Lol you gonna talk about the bubble? Who's the biased one here? 🤣 People are allowed to change their mind as new evidence is presented. If you're not going to consider recent trends then it is you who is the delusional one. Murray has become a playoff liability, you're just too much of a homer to admit it, but everyone else knows. If the best evidence you've got in defense of him is pre-2024 you've already lost, bud. Let it go. He's too unreliable to be a #2.",1,https://reddit.com/r/nba/comments/1ubcz88/scotto_with_the_denver_nuggets_currently/osyw1ie/,nba_general
osyw14k,"Your logic is dogshit They identify guys they want. They hit on those guys. That's what drafting is. If you want to knock their development or team building or trades, make that argument. But this was a point about drafting well and they are outperforming their expected draft value better than any other team.",1,https://reddit.com/r/nba/comments/1ubec0y/fischer_the_dallas_mavericks_are_showing_interest/osyw14k/,nba_general
osyw0x9,One 35/10/8 game and Bill will be fully on board though.,1,https://reddit.com/r/nba/comments/1ubu8sn/bill_simmons_pod_bill_i_dont_want_the_celtics_to/osyw0x9/,nba_general
osyw0jl,Sorry Bill they are not listening to you…Even if trade for each other doesn’t happen THEY both will be moved,1,https://reddit.com/r/nba/comments/1ubu8sn/bill_simmons_pod_bill_i_dont_want_the_celtics_to/osyw0jl/,nba_general
osyvzly,"I’m sorry, in which part of the next 8 years does 2024 happen again?",1,https://reddit.com/r/nba/comments/1ubu8sn/bill_simmons_pod_bill_i_dont_want_the_celtics_to/osyvzly/,nba_general
osyvzey,Me too. I'd like to keep mark only because we spent a first for him,1,https://reddit.com/r/nba/comments/1ubtqt1/charania_free_agent_guard_jordan_goodwin_intends/osyvzey/,nba_general
osyvyom,Id take a little more crime if it means we weren't all giant pussies unable to have conversation or deal with opposing opinions.,1,https://reddit.com/r/nba/comments/1ubqarg/nj_father_and_son_attacked_after_knicks/osyvyom/,nba_general
osyvypc,He should have stayed in OKC with Westbrook after taking the Warriors to game 7 and fought for a chip the right way. The man is a coward.,1,https://reddit.com/r/nba/comments/1ubonhe/durant_on_warriors_i_didnt_have_no_relationship/osyvypc/,nba_general
osyvx7q,"I’ve watched Giannis play for years and I don’t have memory rot like a lot of nba fans, 2 weeks of good play is nothing I’ve seen Luka play good defense for two weeks and still talk shit cause it comes and goes I’ve watched and thanked Giannis in playoff series for his style of play, people always remember the highlights but not the games he handed to us by bricking jump shot after jump shot We need a stretch big to help the jays",1,https://reddit.com/r/nba/comments/1ubu8sn/bill_simmons_pod_bill_i_dont_want_the_celtics_to/osyvx7q/,nba_general
osyvwdj,"NYC is safer than pretty much every major US city, and probably whichever one you live in. Also, much safer than San Antonio. What??",1,https://reddit.com/r/nba/comments/1ubqarg/nj_father_and_son_attacked_after_knicks/osyvwdj/,nba_general
osyvw5h,"Slow news day, huh?",1,https://reddit.com/r/nba/comments/1ubuewb/nba_players_with_cajun_spelling/osyvw5h/,nba_general
osyvvid,I posted this a week ago bro. It's just a reminder of how much bullshit reffing Knicks fans have had to put up with since I was a kid. A few people here had a little conversation about it and that's all. Go fuck your semi neutral ass outta here.,1,https://reddit.com/r/nba/comments/1u5vh5f/1997_knicks_v_heat_playoffs_pj_brown_flips/osyvvid/,nba_general
osyvv6t,"Dude will never be able to control the narrative on this. He wanted easy rings, period.",1,https://reddit.com/r/nba/comments/1ubonhe/durant_on_warriors_i_didnt_have_no_relationship/osyvv6t/,nba_general
osyvunl,Brother they just won a title 2 years ago?,1,https://reddit.com/r/nba/comments/1ubu8sn/bill_simmons_pod_bill_i_dont_want_the_celtics_to/osyvunl/,nba_general
osyvu9k,He said he wants Giannis to go to the Heat and tbe Celtics core to stay together.,1,https://reddit.com/r/nba/comments/1ubu8sn/bill_simmons_pod_bill_i_dont_want_the_celtics_to/osyvu9k/,nba_general
osyvu5m,"Bit old for the draft, is he not?",1,https://reddit.com/r/nba/comments/1ubco3b/afseth_wizards_plan_to_draft_aj_dybantsa_at_no_1/osyvu5m/,nba_general
osyvu4i,"Sound bite listen to the whole thing, he’s saying Harden thinks he’s a system player so it has to go through him and that’s the type of player he is",1,https://reddit.com/r/nba/comments/1ub8fjn/bill_simmons_pod_doc_rivers_on_james_harden_james/osyvu4i/,nba_general
osyvtmf,He basically organized Brooklyn himself.,1,https://reddit.com/r/nba/comments/1ubonhe/durant_on_warriors_i_didnt_have_no_relationship/osyvtmf/,nba_general
osyvt9t,“The Lakers make more money than every other team” A simple search would tell you that isn’t true and hasn’t been true for awhile.,1,https://reddit.com/r/nba/comments/1ubtsb7/woike_theyve_been_conducting_interviews_since/osyvt9t/,nba_general
osyvt24,He broke his ankle backwards because fans were happy to get him? You sound sad inside,1,https://reddit.com/r/nba/comments/1ubdnzj/aj_dybantsa_being_from_the_boston_area_this_is_my/osyvt24/,nba_general
osyvst9,"Nah, presti does right by the player. He works hard to maintain that reputation so that OKC isn't seen as such a shitty place to end up. Very few players have anything bad to say about their experience, Gordon Hayward was terrible and mad about how terrible he was and Reggie Jackson thought he deserved to start over prime Westbrook, that's about it.",1,https://reddit.com/r/nba/comments/1ube7m1/fischer_the_los_angeles_lakers_have_called_the/osyvst9/,nba_general
osyvsao,This is just making it worse😂 Was better off just not talking about it.,1,https://reddit.com/r/nba/comments/1ubonhe/durant_on_warriors_i_didnt_have_no_relationship/osyvsao/,nba_general
osyvq9g,"I mean I don’t think Giannis for Brown straight up just automatically makes the Celtics a better team. Assuming healthy Giannis is definitely a better player than Brown, but Giannis maybe the 3-7th best player and Brown is probably like 8-12. Not only that, the way Giannis plays is just harder to integrate into a team with another star player than what people seem to want to acknowledge. Maybe Tatum would be like Wade and change his game to help Giannis be the guy in Boston and in that scenario it’s more likely to work, though it’s not guaranteed. Giannis is awesome, but he’s 32 with a growing list of soft tissue injuries, defense that is still very good but slipping, and no meaningful shooting skills to help balance the team. I can see it working, but I can also see it not working. It’s not as simple as Giannis is better than Brown so the Celtics would be better.",1,https://reddit.com/r/nba/comments/1ubu8sn/bill_simmons_pod_bill_i_dont_want_the_celtics_to/osyvq9g/,nba_general
osyvq3q,They didn’t hang out with me 😓,1,https://reddit.com/r/nba/comments/1ubonhe/durant_on_warriors_i_didnt_have_no_relationship/osyvq3q/,nba_general
osyvpj6,The Warriors getting AD is the opposite of giving Steph a reliable superstar to make a final run.,1,https://reddit.com/r/nba/comments/1ubu8sn/bill_simmons_pod_bill_i_dont_want_the_celtics_to/osyvpj6/,nba_general
osyvowq,Lmaooo you’re such a rage baiter. They’re at two completely different points in their career so it’s not a fair comparison,1,https://reddit.com/r/nba/comments/1ubtqt1/charania_free_agent_guard_jordan_goodwin_intends/osyvowq/,nba_general
osyvo47,JB's last season was better than any single season by a player in Charlotte's history lol,1,https://reddit.com/r/nba/comments/1ubu8sn/bill_simmons_pod_bill_i_dont_want_the_celtics_to/osyvo47/,nba_general
osyvlod,Still a contender for the worst trade in NBA history lol,1,https://reddit.com/r/nba/comments/1ubtqt1/charania_free_agent_guard_jordan_goodwin_intends/osyvlod/,nba_general
osyvl4b,Idk about that. McGrady has literally never won a series ever. To claim he’s win this one is a stretch.,1,https://reddit.com/r/nba/comments/1ubh87y/2009_western_conference_semifinals_series_tied_11/osyvl4b/,nba_general
osyvl1l,3. the trade package was ass,1,https://reddit.com/r/nba/comments/1ubmx80/14_years_ago_lebron_won_his_first_championship/osyvl1l/,nba_general
osyvksh,"I remember hearing something about that, but can't find anything specific now that I googled it. This still would seem way too early for that to me, but what do I know? I'm just a schlub on the interwebs haha",1,https://reddit.com/r/nba/comments/1ubtqt1/charania_free_agent_guard_jordan_goodwin_intends/osyvksh/,nba_general
osyvjdp,"Yeah uh huh and those 8 years the team will get to wear their *at/near the top of the east* rings, hang a couple of *at/near the top of the east* banners in the rafters, and of course a downtown *at/near the top of the east* parade",1,https://reddit.com/r/nba/comments/1ubu8sn/bill_simmons_pod_bill_i_dont_want_the_celtics_to/osyvjdp/,nba_general
osyvj5t,Because that’s not the reason he joined lmao🤣🤣the real truth is it was an easy way to pad his own legacy,1,https://reddit.com/r/nba/comments/1ubonhe/durant_on_warriors_i_didnt_have_no_relationship/osyvj5t/,nba_general
osyviru,Sengun is better team player now. But Banchero has more potential.,1,https://reddit.com/r/nba/comments/1ubsq8h/alperen_sengun_vs_paolo_banchero_whos_the_better/osyviru/,nba_general
osyvikw,He made that act of wizardry look completely cavalier,1,https://reddit.com/r/nba/comments/1ubnbjj/arguably_lebrons_best_pass_ever_an_absolute/osyvikw/,nba_general
osyvijs,"Basically ""it was cool but I still hated it because i hate him""",1,https://reddit.com/r/nba/comments/1ubjuv8/charles_oakley_i_was_supposed_to_be_on_the/osyvijs/,nba_general
osyvi89,And the Bulls?,1,https://reddit.com/r/nba/comments/1ubqarg/nj_father_and_son_attacked_after_knicks/osyvi89/,nba_general
osyvhts,Other trades normally have 2-3 guys being exchanged for the one star which can create a lot of deficiencies on a team. There's a decent chance it's just brown and 2-3 firsts though. In a scenario like that your keeping literally everyone else which should help that out.,1,https://reddit.com/r/nba/comments/1ubu8sn/bill_simmons_pod_bill_i_dont_want_the_celtics_to/osyvhts/,nba_general
osyvhba,This fuckin guy 😂😂😂,1,https://reddit.com/r/nba/comments/1ubonhe/durant_on_warriors_i_didnt_have_no_relationship/osyvhba/,nba_general
osyvge0,my favorite part is we always have the Player Option on autopen. as if Zeke or Reggie had the leverage to negotiate otherwise. this team will regularly do the most insane thing for no discernible reason,1,https://reddit.com/r/nba/comments/1ubcz88/scotto_with_the_denver_nuggets_currently/osyvge0/,nba_general
osyvg32,How would that be anything other than? Lol,1,https://reddit.com/r/nba/comments/1ubtqt1/charania_free_agent_guard_jordan_goodwin_intends/osyvg32/,nba_general
osyvf3z,Thank you KD,1,https://reddit.com/r/nba/comments/1ubonhe/durant_on_warriors_i_didnt_have_no_relationship/osyvf3z/,nba_general
osyvevm,"Giannis is just in that big bucket of stars I just don't want at this point. He's incredible but his age and injury stuff would have me feeling better just keeping what I've got. Genuinely, what the fuck is he going to accomplish in Miami? Absolutely nothing.",1,https://reddit.com/r/nba/comments/1ubu8sn/bill_simmons_pod_bill_i_dont_want_the_celtics_to/osyvevm/,nba_general
osyveq1,"They also had great depth Thabo, Ibaka, heck even Perkins and Fisher I wouldn't be surprised if they won a championship",1,https://reddit.com/r/nba/comments/1ubmx80/14_years_ago_lebron_won_his_first_championship/osyveq1/,nba_general
osyve2i,"When people say your skillset is limited, they usually mean you can't shoot, or can't dribble or drive, or can't post up so it's easy to defend you. Victor can do all of those, he's just not automatic enough at any of them to be unstoppable yet.",1,https://reddit.com/r/nba/comments/1ubpkzp/rudy_gobert_reflects_on_his_matchup_with_victor/osyve2i/,nba_general
osyvcta,Big market teams fam. Y’all are going to get so much shit next year when you lose your first two in a row lol,1,https://reddit.com/r/nba/comments/1ubtsb7/woike_theyve_been_conducting_interviews_since/osyvcta/,nba_general
osyvcpw,Somebody just discovered basketball reference,1,https://reddit.com/r/nba/comments/1ubfcqn/lu_dort_has_played_432_regularseason_games_he_has/osyvcpw/,nba_general
osyvchc,"For what it’s worth, SA is one of the stronger democrat leaning areas in the state, along with Austin.",1,https://reddit.com/r/nba/comments/1ubqarg/nj_father_and_son_attacked_after_knicks/osyvchc/,nba_general
osyvcb9,"Well, they are talking about Wemby and not Brunson so......",1,https://reddit.com/r/nba/comments/1ub9spn/jalen_brunson_won_7_trophies_this_year/osyvcb9/,nba_general
osyvcb6,"God gave this guy all the talent in the world, but forgot to give him the rest. I wonder how he became this successful with that mentality.",1,https://reddit.com/r/nba/comments/1ubonhe/durant_on_warriors_i_didnt_have_no_relationship/osyvcb6/,nba_general
osyvbxf,"Exactly on point. GSW would’ve been unstoppable for another 3 years had KD stayed and that would’ve changed everything. Also let’s not forget KD has an MVP and led OKC to the finals in 2012, it’s not his fault he played against arguably the goat and 3rd goat shooting guard.",1,https://reddit.com/r/nba/comments/1ubonhe/durant_on_warriors_i_didnt_have_no_relationship/osyvbxf/,nba_general
osyvbwg,“heat up” nice pun lol,1,https://reddit.com/r/nba/comments/1ubix0c/how_many_of_lebrons_finals_appearances_would_he/osyvbwg/,nba_general
osyvav8,That’s a whole lot of waffle bro but unfortunately I still don’t care,1,https://reddit.com/r/nba/comments/1ubsq8h/alperen_sengun_vs_paolo_banchero_whos_the_better/osyvav8/,nba_general
osyva9r,"When i see passes like this im always more impressed by the players that catch them, like if they shot me a behind the back no looker, nope u me fooled me too.",1,https://reddit.com/r/nba/comments/1ubnbjj/arguably_lebrons_best_pass_ever_an_absolute/osyva9r/,nba_general
osyv9fk,"This is max Kellerman ""Jaylen brown is as good as Luka"" peice all over again.",1,https://reddit.com/r/nba/comments/1ubu8sn/bill_simmons_pod_bill_i_dont_want_the_celtics_to/osyv9fk/,nba_general
osyv91o,All of this violence to celebrate a billion dollar company making a profit from thousand dollar seats that the fans pay. Big yikes!!! It's a physical fight between who wants their billionaire to be richer. The NBA is a business. Humans are stupid af,1,https://reddit.com/r/nba/comments/1ubqarg/nj_father_and_son_attacked_after_knicks/osyv91o/,nba_general
osyv8jx,It's nuts how people will still act like Dolan overreacted here. You can say 'fuck Dolan' and 'Oak deserved to get kicked out and banned' very easily.,1,https://reddit.com/r/nba/comments/1ubjuv8/charles_oakley_i_was_supposed_to_be_on_the/osyv8jx/,nba_general
osyv8c4,"Wait, he's still in the league right? Lol",1,https://reddit.com/r/nba/comments/1ubonhe/durant_on_warriors_i_didnt_have_no_relationship/osyv8c4/,nba_general
osyv70m,"What a fool. All he needs to say is: we were the best team ever, deal with it.",1,https://reddit.com/r/nba/comments/1ubonhe/durant_on_warriors_i_didnt_have_no_relationship/osyv70m/,nba_general
osyv6u8,The last 5 years (at that time) is precisely what changed golden states standing in the league. You joined a team that had gone 73-9 the previous year without you on it.,1,https://reddit.com/r/nba/comments/1ubonhe/durant_on_warriors_i_didnt_have_no_relationship/osyv6u8/,nba_general
osyv6q3,It’s like the god damn bat signal lmao,1,https://reddit.com/r/nba/comments/1ubtsb7/woike_theyve_been_conducting_interviews_since/osyv6q3/,nba_general
osyv5wo,Jaylen Brown has played 81 playoff games in the last 6 seasons compared to Giannis’ 41. I get the Celtics have had more deep playoff runs but Giannis also hasn’t been healthy for a postseason in what feels like 3 or 4 years now.,1,https://reddit.com/r/nba/comments/1ubu8sn/bill_simmons_pod_bill_i_dont_want_the_celtics_to/osyv5wo/,nba_general
osyv5rr,doesnt boston do this more often than other teams ?,1,https://reddit.com/r/nba/comments/1ubqnuc/this_10_year_championship_anniversary_reunion/osyv5rr/,nba_general
osyv5lj,"I could’ve worded my comment a little differently. I was trying to say if the Warriors historic 3 pt shooting didn’t beat the Cavs that year, then the Knicks having a better 3 pt shooting team wouldn’t be a factor in a matchup against that Cavs squad.",1,https://reddit.com/r/nba/comments/1uanplp/jr_smith_says_2016_cavs_would_beat_2026_knicks/osyv5lj/,nba_general
osyv5jb,“I can win with these cats”,1,https://reddit.com/r/nba/comments/1ubonhe/durant_on_warriors_i_didnt_have_no_relationship/osyv5jb/,nba_general
osyv59v,"He was one of the last people who was championing not breaking up the Celtics Big 3, which they ended up doing and it ended up paying off for them",1,https://reddit.com/r/nba/comments/1ubu8sn/bill_simmons_pod_bill_i_dont_want_the_celtics_to/osyv59v/,nba_general
osyv55l,"It's absolutely not lower. He played all three last year and did better than all three, including wins over Duke and Kansas.",1,https://reddit.com/r/nba/comments/1ubtqtz/ama_cameron_boozer_aj_dybantsa_darryn_peterson/osyv55l/,nba_general
osyv50l,He has to have sub 75 IQ or something. Dude is legit just stupid I think.,1,https://reddit.com/r/nba/comments/1ubonhe/durant_on_warriors_i_didnt_have_no_relationship/osyv50l/,nba_general
osyv4mr,I get your sentiment a little bit but Brunson never has and never will win the Western Conference finals with the Knicks,1,https://reddit.com/r/nba/comments/1ub9spn/jalen_brunson_won_7_trophies_this_year/osyv4mr/,nba_general
osyv4hk,I’d prefer we spend the next season with Maluach utilized for 20+ minutes to develop.,1,https://reddit.com/r/nba/comments/1ubtqt1/charania_free_agent_guard_jordan_goodwin_intends/osyv4hk/,nba_general
osyv3yu,The only thing you proved is that you’re better than Harrison Barnes,1,https://reddit.com/r/nba/comments/1ubonhe/durant_on_warriors_i_didnt_have_no_relationship/osyv3yu/,nba_general
osyv3sn,10 years later tryna rewrite the narrative lol,1,https://reddit.com/r/nba/comments/1ubonhe/durant_on_warriors_i_didnt_have_no_relationship/osyv3sn/,nba_general
osyv3f8,Oh sorry I mean It's the eauxffseasoughn,1,https://reddit.com/r/nba/comments/1ubuewb/nba_players_with_cajun_spelling/osyv3f8/,nba_general
osyv2oe,If you can convince 10 people to believe in the wizards you become one,1,https://reddit.com/r/nba/comments/1ubco3b/afseth_wizards_plan_to_draft_aj_dybantsa_at_no_1/osyv2oe/,nba_general
osyv220,Do people really use claude? Everyone I know either uses ChatGPT or Gemini.,1,https://reddit.com/r/nba/comments/1ub2vas/kawhi_leonard_you_see_the_dripim_always_fresh_if/osyv220/,nba_general
osyv1zo,Prime and Disney+ helps because my neice started cheering to Knicks after we watched avatar 1.. best times,1,https://reddit.com/r/nba/comments/1u7q8u0/knicks_victory_caps_most_watched_nba_finals_since/osyv1zo/,nba_general
osyv1hj,"\> **Recency bias** is a cognitive tendency to overemphasize the importance of recent experiences or information while discounting older data. You are doing this. In the bubble three 40 point elimination games, two 3-1 comebacks. the only player in playoff history to record three consecutive 40+ point games while shooting over 70% in effective field goal percentage. 2023 playoffs 26.1/5.7/7.1 on 47.3 FG%, 39.6 from three and 58.6 TS%. Two game winners in 2024.",1,https://reddit.com/r/nba/comments/1ubcz88/scotto_with_the_denver_nuggets_currently/osyv1hj/,nba_general
osyv0nt,Happy for em,1,https://reddit.com/r/nba/comments/1ubtqt1/charania_free_agent_guard_jordan_goodwin_intends/osyv0nt/,nba_general
osyv0fg,"Calling Andre a role player is a little disingenuous. Roll players aren‘t finals MVPs. While he did come off the bench “as the adult” for the second unit, he was always on the floor to close games. Those are the most important minutes in the game. Not the first 5 minutes when he was waiting to lead the second unit.",1,https://reddit.com/r/nba/comments/1u7w2gk/whose_nba_career_would_you_have_rather_had_andre/osyv0fg/,nba_general
osyuzrf,Trying to polish two turds,1,https://reddit.com/r/nba/comments/1ubsq8h/alperen_sengun_vs_paolo_banchero_whos_the_better/osyuzrf/,nba_general
osyuzgj,C O P E,1,https://reddit.com/r/nba/comments/1ubonhe/durant_on_warriors_i_didnt_have_no_relationship/osyuzgj/,nba_general
osyuyfa,Who tf going to Phoenix unprompted? Is the weather that fun for FAs to go there?,1,https://reddit.com/r/nba/comments/1ubtqt1/charania_free_agent_guard_jordan_goodwin_intends/osyuyfa/,nba_general
osyuyc7,I think it's pirate law,1,https://reddit.com/r/nba/comments/1ubjtnd/charles_oakley_patrick_ewing_always_been_like/osyuyc7/,nba_general
osyuy5s,Or he must be happy for him to take the team to the finals,1,https://reddit.com/r/nba/comments/1ubr597/espn_gregg_popovich_once_called_steve_kerr_to/osyuy5s/,nba_general
osyuw23,She owns one of the most influential teams in the entire world. Holy shit yall are deluded. She was greedy and didn’t want to spend. The lakers make more money than every other team in the league. Like wow just wow defending someone being greedy like some white knight,1,https://reddit.com/r/nba/comments/1ubtsb7/woike_theyve_been_conducting_interviews_since/osyuw23/,nba_general
osyuvxr,"2nd round pick will be a cheap filler for a roster spot. I also imagine Green, O’Neale, and/or Grayson will be dealt for 2nd round picks to keep the back end of our roster cheap. Fortunately Oso, Dunn, and Fleming are on cheap rookie contracts.",1,https://reddit.com/r/nba/comments/1ubtqt1/charania_free_agent_guard_jordan_goodwin_intends/osyuvxr/,nba_general
osyuvur,I have never heard him speak so much.,1,https://reddit.com/r/nba/comments/1ub2vas/kawhi_leonard_you_see_the_dripim_always_fresh_if/osyuvur/,nba_general
osyuvq9,I'm from Louisiana and this is offensive.,1,https://reddit.com/r/nba/comments/1ubuewb/nba_players_with_cajun_spelling/osyuvq9/,nba_general
osyuuyq,"I mean maybe it’s the fans and media’s fault. Made fun of his MVP speech, clowned him for joining the Warriors, made fun of him for having burner accounts. I’m sure there are more things fans and media have done to make him feel insecure despite his professional success.",1,https://reddit.com/r/nba/comments/1ubonhe/durant_on_warriors_i_didnt_have_no_relationship/osyuuyq/,nba_general
osyuugh,"The truly crazy thing is its gotten worse over time. It got meme'd immediately but ""the hardest road"" was about leaving whats comfortable and familiar and how thats hard. A reasonable view of the move from a personal standpoint even if no one wants to hear it because from a basketball standpoint he was joining one of the winningest teams ever. But over time KD has shifted to portraying the whole situation it as if he actually thinks it was tough basketball decision. Its so bizzare.",1,https://reddit.com/r/nba/comments/1ubonhe/durant_on_warriors_i_didnt_have_no_relationship/osyuugh/,nba_general
osyutvq,"The ""eaux"" is always pronounced as a long ""o."" It doesn't just replace the letter o in every situation.",1,https://reddit.com/r/nba/comments/1ubuewb/nba_players_with_cajun_spelling/osyutvq/,nba_general
osyutgq,You’re the LeBron James of Quagmires,1,https://reddit.com/r/nba/comments/1ubnbjj/arguably_lebrons_best_pass_ever_an_absolute/osyutgq/,nba_general
osyusma,"Not salty, nervous",1,https://reddit.com/r/nba/comments/1ubu8sn/bill_simmons_pod_bill_i_dont_want_the_celtics_to/osyusma/,nba_general
osyuru3,"Nah man, this shit is disgusting and disgraceful",1,https://reddit.com/r/nba/comments/1ubqarg/nj_father_and_son_attacked_after_knicks/osyuru3/,nba_general
osyurqp,The Steve Adams slander. No English brother?,1,https://reddit.com/r/nba/comments/1ubonhe/durant_on_warriors_i_didnt_have_no_relationship/osyurqp/,nba_general
osyuqwh,Hopping around the league chasing a ring as third to fourth fiddle. Social media and modern NBA rules-inflated stats got guys like him and Harden thinking they’re all-timers when they’re just not winners.,1,https://reddit.com/r/nba/comments/1ubonhe/durant_on_warriors_i_didnt_have_no_relationship/osyuqwh/,nba_general
osyuqub,lol ofc Bill doesn't want to acknowledge the four team trade that has Miami keeping a lot of young talent why bucks get a could of first rounders,1,https://reddit.com/r/nba/comments/1ubu8sn/bill_simmons_pod_bill_i_dont_want_the_celtics_to/osyuqub/,nba_general
osyupp3,Most teams I would say.,1,https://reddit.com/r/nba/comments/1ubu8sn/bill_simmons_pod_bill_i_dont_want_the_celtics_to/osyupp3/,nba_general
osyup8w,Thabo Sefelosha mention!,1,https://reddit.com/r/nba/comments/1ubuewb/nba_players_with_cajun_spelling/osyup8w/,nba_general
osyumv5,"Most likely and not sure if it’s the case but if he actually let Charles pay half of it and didn’t reimburse him, he’s a bozo.",1,https://reddit.com/r/nba/comments/1ubjtnd/charles_oakley_patrick_ewing_always_been_like/osyumv5/,nba_general
osyumkw,"Oh yes, I was driving the same route around the same time. Without traffic it takes 10 minutes to drive into LA, with it, 30. And driving from Studio City to home took me an hour and 20 minutes one night.",1,https://reddit.com/r/nba/comments/1ubr597/espn_gregg_popovich_once_called_steve_kerr_to/osyumkw/,nba_general
osyum69,Is the “I don’t care” philosophy a psychological defense mechanism meant to protect you? This is a safe space,1,https://reddit.com/r/nba/comments/1ubsq8h/alperen_sengun_vs_paolo_banchero_whos_the_better/osyum69/,nba_general
osyum6c,so ya kawhi lead the raptors to chip and kd hasn't yet,1,https://reddit.com/r/nba/comments/1ubonhe/durant_on_warriors_i_didnt_have_no_relationship/osyum6c/,nba_general
osyuki4,"No they didn’t, you bitch",1,https://reddit.com/r/nba/comments/1ubqarg/nj_father_and_son_attacked_after_knicks/osyuki4/,nba_general
osyukbk,Knecht is only on the team because the trade dude failed his physical. Try again.,1,https://reddit.com/r/nba/comments/1ubtqt1/charania_free_agent_guard_jordan_goodwin_intends/osyukbk/,nba_general
osyukbv,Fuck man Brian Davis was so good,1,https://reddit.com/r/nba/comments/1ubnaxn/when_russell_westbrook_hit_a_40_foot_game_winner/osyukbv/,nba_general
osyujuz,I promise you 2 weeks with giannis you'll forget all about that other guy,1,https://reddit.com/r/nba/comments/1ubu8sn/bill_simmons_pod_bill_i_dont_want_the_celtics_to/osyujuz/,nba_general
osyujsp,Facts it was the way she said it. Especially when someone pointed out her own accomplishments and what people said about her and she still doubled down.,1,https://reddit.com/r/nba/comments/1u8ev5e/in_light_of_beckys_hammonds_comments_and_brunson/osyujsp/,nba_general
osyuj6b,That Suns in 4 guy got pretty great treatment for it,1,https://reddit.com/r/nba/comments/1ubqarg/nj_father_and_son_attacked_after_knicks/osyuj6b/,nba_general
osyuj82,"At this point it's looking like no team is going to reitre his jersey, which is honestly pretty crazy but also telling about the way he's burned bridges everywhere",1,https://reddit.com/r/nba/comments/1ubnaxn/when_russell_westbrook_hit_a_40_foot_game_winner/osyuj82/,nba_general
osyui4l,"Yep. I think Steph Curry is probably the hardest player to scheme for in history because of his movement, range, ball handling, and underrated passing ability. You have to guard him the second he got over half court, and if he is off ball the entire team needs to know where he is at all times and be ready to switch.",1,https://reddit.com/r/nba/comments/1uanplp/jr_smith_says_2016_cavs_would_beat_2026_knicks/osyui4l/,nba_general
osyuhkm,This type of content is for deeper in the off-season. We still have the draft and f5 season coming up.,1,https://reddit.com/r/nba/comments/1ubuewb/nba_players_with_cajun_spelling/osyuhkm/,nba_general
osyugof,No fucking thank you,1,https://reddit.com/r/nba/comments/1ubr597/espn_gregg_popovich_once_called_steve_kerr_to/osyugof/,nba_general
osyug19,It’s the offseason for sure,1,https://reddit.com/r/nba/comments/1ubuewb/nba_players_with_cajun_spelling/osyug19/,nba_general
osyufto,Jaylen Brown is 2 years younger than Giannis and is pretty injury prone himself? There is no way that the Celtics squeeze another 8 years out of the Brown/Tatum core,1,https://reddit.com/r/nba/comments/1ubu8sn/bill_simmons_pod_bill_i_dont_want_the_celtics_to/osyufto/,nba_general
osyufiu,Bill saying this makes me think it’s gonna happen and he’s salty lol,1,https://reddit.com/r/nba/comments/1ubu8sn/bill_simmons_pod_bill_i_dont_want_the_celtics_to/osyufiu/,nba_general
osyuebp,Nobody is disputing that,1,https://reddit.com/r/nba/comments/1ubonhe/durant_on_warriors_i_didnt_have_no_relationship/osyuebp/,nba_general
osyue9a,Well good because it ain’t gonna happen anyway.,1,https://reddit.com/r/nba/comments/1ubu8sn/bill_simmons_pod_bill_i_dont_want_the_celtics_to/osyue9a/,nba_general
osyud0y,This guy is legitimately delusional.,1,https://reddit.com/r/nba/comments/1ubonhe/durant_on_warriors_i_didnt_have_no_relationship/osyud0y/,nba_general
osyucsx,Resigning vs signing at a new destination I’m guessing,1,https://reddit.com/r/nba/comments/1ubtqt1/charania_free_agent_guard_jordan_goodwin_intends/osyucsx/,nba_general
osyuctb,Heats downfall will be deciding to build around bam.,1,https://reddit.com/r/nba/comments/1ubc4x2/bobby_marks_im_still_of_the_belief_its_miami/osyuctb/,nba_general
osyuc43,"We never learn our lesson with bad contracts man. MPJ, Nnaji, Reggie Jackson, CB Then we have to use picks to dump that player",1,https://reddit.com/r/nba/comments/1ubcz88/scotto_with_the_denver_nuggets_currently/osyuc43/,nba_general
osyuc4e,"Curry and klay were injured the season after he left. Did u forget that. And the klay also blew his achilles the next seasonand warriors lost to lakers in the play in. The next season, they won a championship while kd's superteam he formed in brooklyn fizzled out and got swept by the celtics",1,https://reddit.com/r/nba/comments/1ubonhe/durant_on_warriors_i_didnt_have_no_relationship/osyuc4e/,nba_general
osyubno,"“Every FA is returning to their team.” Yes, because that’s the way FA works every single year. 🙄",1,https://reddit.com/r/nba/comments/1ubtsb7/woike_theyve_been_conducting_interviews_since/osyubno/,nba_general
osyubm0,"Pack it up folks, it’s over",1,https://reddit.com/r/nba/comments/1ubu8sn/bill_simmons_pod_bill_i_dont_want_the_celtics_to/osyubm0/,nba_general
osyubo0,he is just mad that he is going to the heat. we never wanted him,1,https://reddit.com/r/nba/comments/1ubu8sn/bill_simmons_pod_bill_i_dont_want_the_celtics_to/osyubo0/,nba_general
osyubav,"you’re good. i don’t mind the extra discussion at all, especially since you seem pretty knowledgeable on the subject. and that’s a fair take on the topic too",1,https://reddit.com/r/nba/comments/1ubix0c/how_many_of_lebrons_finals_appearances_would_he/osyubav/,nba_general
osyua77,"Nah bro, this is disgusting.",1,https://reddit.com/r/nba/comments/1ubqarg/nj_father_and_son_attacked_after_knicks/osyua77/,nba_general
osyua9k,"It was literally the same script everytime, Luka dropping carrying and dropping 30/10/10 thru 3 quarters then wearing down while Kawhi just didnt miss in the 4th",1,https://reddit.com/r/nba/comments/1ubilks/what_are_some_of_the_best_single_game_playoff/osyua9k/,nba_general
osyua3g,He needed to gain weight but he was overweight last year. Big difference.,1,https://reddit.com/r/nba/comments/1ubsq8h/alperen_sengun_vs_paolo_banchero_whos_the_better/osyua3g/,nba_general
osyua3v,"NGL, if he actually admitted he went to Golden State because he wanted an easy ring, I'd respect him a hell of a lot more.",1,https://reddit.com/r/nba/comments/1ubonhe/durant_on_warriors_i_didnt_have_no_relationship/osyua3v/,nba_general
osyu91l,Because his floor is way further down than these 3.,1,https://reddit.com/r/nba/comments/1ubtqtz/ama_cameron_boozer_aj_dybantsa_darryn_peterson/osyu91l/,nba_general
osyu8j2,Kev bruh 😂😂,1,https://reddit.com/r/nba/comments/1ubonhe/durant_on_warriors_i_didnt_have_no_relationship/osyu8j2/,nba_general
osyu86t,Both can be true,1,https://reddit.com/r/nba/comments/1ubtqt1/charania_free_agent_guard_jordan_goodwin_intends/osyu86t/,nba_general
osyu7ye,Jeanie Buss was not a billionaire before selling the team. She was famously broke by NBA owner standards. Keep showing you know fck all about what you’re yapping about.,1,https://reddit.com/r/nba/comments/1ubtsb7/woike_theyve_been_conducting_interviews_since/osyu7ye/,nba_general
osyu7mv,Crazier still is that Cooper Flagg's rookie salary is more than LeBron earned in the first year of his first max extension with the Cavs,1,https://reddit.com/r/nba/comments/1ubel80/top_10_highest_paid_players_next_season/osyu7mv/,nba_general
osyu6qz,Don’t hate his take that the Celtics won a championship with Brown and Tatum and he doesn’t love breaking that up for an aging slenderman. Very dumb take that it’d be bad for the Heat though - that roster isn’t going anywhere and they’re not giving up anything rolling the dice on it.,1,https://reddit.com/r/nba/comments/1ubu8sn/bill_simmons_pod_bill_i_dont_want_the_celtics_to/osyu6qz/,nba_general
osyu6og,"We have fucking Knetch on the team. I'd rather he had waived him, Bronny atleast I see it that he has potential to be another hustle player. Goodwin is exactly the type of role player Lakers needs and they're out here collecting DnP players",1,https://reddit.com/r/nba/comments/1ubtqt1/charania_free_agent_guard_jordan_goodwin_intends/osyu6og/,nba_general
osyu6d9,"Ah, yeah, nice addition. And also give their own home fans a game 5. Such gentlemen!",1,https://reddit.com/r/nba/comments/1ub1a7u/jose_alvarado_on_victor_wembanyama_not_shaking/osyu6d9/,nba_general
osyu5zg,I did not have no relationship with nobody... Impressive,1,https://reddit.com/r/nba/comments/1ubonhe/durant_on_warriors_i_didnt_have_no_relationship/osyu5zg/,nba_general
osyu5hb,"I mean skinny big guys like KD and Porzingis got game planned like this. For KD, it eventually stops working because he was totally prepared for it and they had to play to his mental tendencies. I mean it’s a pretty common strategy for any player, they did this shit to Steph too in his playoff runs",1,https://reddit.com/r/nba/comments/1ubpkzp/rudy_gobert_reflects_on_his_matchup_with_victor/osyu5hb/,nba_general
osyu5hq,"Extremely underrated and I guarantee there's a lot of eyes on him right now. Elite 3&d player who just had an off year? Mind you, Dort guards the best player on the other team every night for damn near every possession (dorture chamber exists for a reason). How many teams would love to get one of those right now?",1,https://reddit.com/r/nba/comments/1ube7m1/fischer_the_los_angeles_lakers_have_called_the/osyu5hq/,nba_general
osyu52p,Even he couldn’t see the plan,1,https://reddit.com/r/nba/comments/1ubmx80/14_years_ago_lebron_won_his_first_championship/osyu52p/,nba_general
osyu3cb,"I’m not sure I agree with this, not because Giannis is not a much more talented player than Jaylen Brown but because trades like this have often not worked out at all the way it seems like they should. Out talenting teams has limitations because of factors that we don’t really consider during the off-season.",1,https://reddit.com/r/nba/comments/1ubu8sn/bill_simmons_pod_bill_i_dont_want_the_celtics_to/osyu3cb/,nba_general
osyu331,"if youre going by that logic, it was always steph's team not KD, steph showed that when he won in 2022",1,https://reddit.com/r/nba/comments/1ubonhe/durant_on_warriors_i_didnt_have_no_relationship/osyu331/,nba_general
osyu35g,Bill has also been pretty consistent over the years that he likes cheering for / maintaining the same core.,1,https://reddit.com/r/nba/comments/1ubu8sn/bill_simmons_pod_bill_i_dont_want_the_celtics_to/osyu35g/,nba_general
osyu1fa,That someone was Jeremy Sochan.,1,https://reddit.com/r/nba/comments/1ubpkzp/rudy_gobert_reflects_on_his_matchup_with_victor/osyu1fa/,nba_general
osyu17e,Melo vs. Kobe in the 2009 WCF was a heavy weight battle.,1,https://reddit.com/r/nba/comments/1ubilks/what_are_some_of_the_best_single_game_playoff/osyu17e/,nba_general
osyu10y,"Woah, Durant is so humble joining a struggling team that just went 73-9 the year prior and was coming off back to back finals appearances and a championship",1,https://reddit.com/r/nba/comments/1ubonhe/durant_on_warriors_i_didnt_have_no_relationship/osyu10y/,nba_general
osytzjw,I didn’t have no relationship with nobody… I don’t really get the grammar bro…is it triple negative??? So a positive?,1,https://reddit.com/r/nba/comments/1ubonhe/durant_on_warriors_i_didnt_have_no_relationship/osytzjw/,nba_general
osytywf,one of the most blatantly juiced series i can remember,1,https://reddit.com/r/nba/comments/1ub72ox/20_years_ago_the_miami_heat_won_their_first_title/osytywf/,nba_general
osytymu,With r/tragedeigh I fully expect to see some of these in kids soon. “Jayseauxn” is terrible,1,https://reddit.com/r/nba/comments/1ubuewb/nba_players_with_cajun_spelling/osytymu/,nba_general
osytxhf,"“I am a basketball historian, they were a bad organization the year I was turning 3 and that stuck with me. I looked at back to back finals appearances with back to back MVP as if I was helping a failing organization. And I finished the mission. “",1,https://reddit.com/r/nba/comments/1ubonhe/durant_on_warriors_i_didnt_have_no_relationship/osytxhf/,nba_general
osytwsa,"Gambling, I'm betting",1,https://reddit.com/r/nba/comments/1ubqarg/nj_father_and_son_attacked_after_knicks/osytwsa/,nba_general
osytvw5,"Our defense is what we hang our hat on. I watched those games don’t get it twisted. It’s also very easy to box score watch and critique - even Sengun only shot 45% against the lakers, a mark marginally higher than Paolos 43%",1,https://reddit.com/r/nba/comments/1ubsq8h/alperen_sengun_vs_paolo_banchero_whos_the_better/osytvw5/,nba_general
osytvu8,"As a semi-neutral, Knicks fans are speedrunning lovable underdogs to obnoxious blowhards faster than anyone since GSW",1,https://reddit.com/r/nba/comments/1u5vh5f/1997_knicks_v_heat_playoffs_pj_brown_flips/osytvu8/,nba_general
osytup4,Wow you just made me realize that you never really hear the phrase “beating the snot” out of someone anymore. Really went the way of knuckle sandwich some time ago.,1,https://reddit.com/r/nba/comments/1ubqarg/nj_father_and_son_attacked_after_knicks/osytup4/,nba_general
osytupz,Also who tf wants Jaylen Brown lmfao,1,https://reddit.com/r/nba/comments/1ubu8sn/bill_simmons_pod_bill_i_dont_want_the_celtics_to/osytupz/,nba_general
osytu3u,Literally not lol he’s done way better shit then this,1,https://reddit.com/r/nba/comments/1ubnbjj/arguably_lebrons_best_pass_ever_an_absolute/osytu3u/,nba_general
osytu36,"I mean if it’s a 1 to 1 trade, it’s an obvious decision. But it’s not going to be",1,https://reddit.com/r/nba/comments/1ubu8sn/bill_simmons_pod_bill_i_dont_want_the_celtics_to/osytu36/,nba_general
osyttcv,Yeah and Chris Bosh joined the Heat because they were underdogs too lmao.,1,https://reddit.com/r/nba/comments/1ubonhe/durant_on_warriors_i_didnt_have_no_relationship/osyttcv/,nba_general
osytt8j,"Well deserved. I like that Suns are assembling gritty blue-color players like him, Gillespie and Brooks. They all seem like Ishbia guys",1,https://reddit.com/r/nba/comments/1ubtqt1/charania_free_agent_guard_jordan_goodwin_intends/osytt8j/,nba_general
osytsts,I'm pretty convinced this is the exact reason why older players hate on Gobert.,1,https://reddit.com/r/nba/comments/1ubel80/top_10_highest_paid_players_next_season/osytsts/,nba_general
osytsgn,Murdered her with grapes (and they blamed me),1,https://reddit.com/r/nba/comments/1ubjtnd/charles_oakley_patrick_ewing_always_been_like/osytsgn/,nba_general
osyts7u,Helps that we saw the power of friendship work at the highest level,1,https://reddit.com/r/nba/comments/1ubtqt1/charania_free_agent_guard_jordan_goodwin_intends/osyts7u/,nba_general
osyts91,Some of you people are insufferable. Dude lands you the best trade ever and you still shit on the guy,1,https://reddit.com/r/nba/comments/1ubtsb7/woike_theyve_been_conducting_interviews_since/osyts91/,nba_general
osytrru,Ah now he's trying to compensate and rewrite the narrative/story around his ring because he realizes he's on the back end of his career and probably won't get another one. Dude just stop.....you went to a super team to get a ring. Stop the bullshit.,1,https://reddit.com/r/nba/comments/1ubonhe/durant_on_warriors_i_didnt_have_no_relationship/osytrru/,nba_general
osytrlq,Goodwin is literally a Sun,1,https://reddit.com/r/nba/comments/1ubtqt1/charania_free_agent_guard_jordan_goodwin_intends/osytrlq/,nba_general
osytrco,Yes a billionaire is broke. Hahahaha what a dumb fucking defense.,1,https://reddit.com/r/nba/comments/1ubtsb7/woike_theyve_been_conducting_interviews_since/osytrco/,nba_general
osytr41,Yes… cause Smart at least has an argument. Kennard was good but the Rockets quite literally melted down,1,https://reddit.com/r/nba/comments/1ubtqt1/charania_free_agent_guard_jordan_goodwin_intends/osytr41/,nba_general
osytr4i,Lool Paolo cant shoot so he would not be a very efficient k love. Best chance is like 2023 Aaron Gordon.,1,https://reddit.com/r/nba/comments/1ubsq8h/alperen_sengun_vs_paolo_banchero_whos_the_better/osytr4i/,nba_general
osytqfp,Sprinkle some crack on that projected trade and let's all get out of here,1,https://reddit.com/r/nba/comments/1ubu8sn/bill_simmons_pod_bill_i_dont_want_the_celtics_to/osytqfp/,nba_general
osytpgy,Shaq's been saying they never had beef for years though. He's been downplaying their feud since he retired lol,1,https://reddit.com/r/nba/comments/1ubonhe/durant_on_warriors_i_didnt_have_no_relationship/osytpgy/,nba_general
osytp6a,In 4 of the last 6 season Giannis has played more games than Brown. Brown isn’t exactly the pinnacle of health tbf,1,https://reddit.com/r/nba/comments/1ubu8sn/bill_simmons_pod_bill_i_dont_want_the_celtics_to/osytp6a/,nba_general
osyto0f,Only Carmelo shoots u big dummy lol,1,https://reddit.com/r/nba/comments/1ubrsmt/14_years_ago_today_chris_bosh_pours_champange_all/osyto0f/,nba_general
osytmph,"That's cool but if you keep brown and tatum instead of a 2-3 year window (with maybe an extra 3-5% chance to win a title) they can remain at/near the top of the east for the next 8 years? Unless you can look into the future and tell me that Giannis will age gracefully, stay healthy, and re-sign in boston that would scare the shit out of me.",1,https://reddit.com/r/nba/comments/1ubu8sn/bill_simmons_pod_bill_i_dont_want_the_celtics_to/osytmph/,nba_general
osytm4v,The East Oakland - SE DC vibe connection tracks. Good on you Kevin,1,https://reddit.com/r/nba/comments/1ubonhe/durant_on_warriors_i_didnt_have_no_relationship/osytm4v/,nba_general
osytlti,"Nico didn’t even offer him anywhere else, Luka was handed on a silver platter",1,https://reddit.com/r/nba/comments/1ubtsb7/woike_theyve_been_conducting_interviews_since/osytlti/,nba_general
osytlov,Getting Giannis at this stage is fooling someone into thinking they are a contender,1,https://reddit.com/r/nba/comments/1ubu8sn/bill_simmons_pod_bill_i_dont_want_the_celtics_to/osytlov/,nba_general
osytlhy,"Whatever helps you sleep at night, Kevin.",1,https://reddit.com/r/nba/comments/1ubonhe/durant_on_warriors_i_didnt_have_no_relationship/osytlhy/,nba_general
osytl1r,And you are completely ignoring the role Jeanie Buss and her being broke played in the decisions that had to be made with players AND the resources that were affordes to Pelinka. I swear to god the Pelinka haters are fcking annoying. Absolutely no nuance at all.,1,https://reddit.com/r/nba/comments/1ubtsb7/woike_theyve_been_conducting_interviews_since/osytl1r/,nba_general
osyvx0o,"As a Spurs fan, I'd much rather not have LeBron in SA. I'd like to keep rooting against him all the way to the end.",1,https://reddit.com/r/nbadiscussion/comments/1ubdwk0/now_that_the_season_is_over_what_do_you_think_the/osyvx0o/,discussion
osyv4dx,That’s a fake report. Nothing about Dylan’s character indicates he would do that Aand his dad has already debunked it and his dad is “the camp”,1,https://reddit.com/r/nbadiscussion/comments/1ubdwk0/now_that_the_season_is_over_what_do_you_think_the/osyv4dx/,discussion
osyuonp,"I think they need a bigger PF who can defend and shoot which is rare. Or a starting center that can slide Wemby down to PF. Isaiah Stewart won’t happen but would be amazing next to Wemby. Or, as shocking as it might seem at first, a Mitchell Robinson OR Hartenstein next to Victor with Kornet off bench. I don’t think spurs have the money but if OKC lets Hartenstein walk then offering him MLE (15M) per year but for 4 years job security maybe but he probably takes 20-25M on a 1 year deal with OKC The spurs were literally two unforced errors from being up 3-1 in finals. I don’t think they need a whole lot other than better rebounding AND maybe one reliable offball 3 shooter. John Collins, Rui Hachimura could work but are very flawed. I don’t think they trade Fox. If he really had ligament tears with that high ankle sprain it would be toxic to trade him and since Keldon’s granddad is fighting cancer I just can’t see Pop allowing a trade either",1,https://reddit.com/r/nbadiscussion/comments/1ubdwk0/now_that_the_season_is_over_what_do_you_think_the/osyuonp/,discussion
osyf3yj,Isn’t he the definition of a “high usage star”?,1,https://reddit.com/r/nbadiscussion/comments/1ubdwk0/now_that_the_season_is_over_what_do_you_think_the/osyf3yj/,discussion
osy8w47,"I don't think any team is going to want to take on Fox's contract. He's not a ""star"" especially given how cratered his reputation is at the moment. We've seen that peak De'Aaron Fox doesn't drive winning and now he's past his prime. I don't see any reason a non-contending team would take a guy who is going to eat up a huge chunk of the salary cap, won't drive ticket sales and is too old to be part of a developing core.",1,https://reddit.com/r/nbadiscussion/comments/1ubdwk0/now_that_the_season_is_over_what_do_you_think_the/osy8w47/,discussion
osy6r4z,"Please keep your comments civil. This is a subreddit for thoughtful discussion and debate, not aggressive and argumentative content.",1,https://reddit.com/r/nbadiscussion/comments/1uam5dk/offseason_historical_post_why_i_think_kobe_had/osy6r4z/,discussion
osy6lsd,"Please keep your comments civil and not personal. This is a subreddit for thoughtful discussion and debate, not aggressive and argumentative content.",1,https://reddit.com/r/nbadiscussion/comments/1uam5dk/offseason_historical_post_why_i_think_kobe_had/osy6lsd/,discussion
osy6avc,"Our sub is for in-depth discussion. Low-effort comments or stating opinions as facts are not permitted. Please support your opinions with well-reasoned arguments, including stats and facts as applicable.",1,https://reddit.com/r/nbadiscussion/comments/1uam5dk/offseason_historical_post_why_i_think_kobe_had/osy6avc/,discussion
osy67za,"Our sub is for thoughtful discussion and debate, not hyperbolic extremes. Remember to consider more than your singular perspective, including the possibility that you may be mistaken or misinformed. If you edit your comment to reflect this, it may be reinstated.",1,https://reddit.com/r/nbadiscussion/comments/1uam5dk/offseason_historical_post_why_i_think_kobe_had/osy67za/,discussion
osy2fgp,"If we're giving Marbury that much credit for what he did in China, then we might as well induct **Tyler Hansbrough**, the only 4x All-American over the past 75 years.",1,https://reddit.com/r/nbadiscussion/comments/1ua486u/serious_in_or_out_basketball_hall_of_fame_edition/osy2fgp/,discussion
osxzh0e,Was LeBron recently talking about how boring SA is? He’s not coming here,1,https://reddit.com/r/nbadiscussion/comments/1ubdwk0/now_that_the_season_is_over_what_do_you_think_the/osxzh0e/,discussion
osxxtj2,More than trading Fox they need another reliable big to play in postseason. A stronger big man like Mitch Robinson or Hartenstein. Kornet was a blackhole in the WCF and Finals except for his big block in gane 7.,1,https://reddit.com/r/nbadiscussion/comments/1ubdwk0/now_that_the_season_is_over_what_do_you_think_the/osxxtj2/,discussion
osxv7x0,"Wemby is nimble enough to play the 4 if they wanted to have that option, they could sign a more serviceable center. There arent many stretch 5s left like Lopez and Horford, and Zingis",1,https://reddit.com/r/nbadiscussion/comments/1ubdwk0/now_that_the_season_is_over_what_do_you_think_the/osxv7x0/,discussion
osxtfs8,"Shooting, rebounding, and an enforcer. They can’t have Wemby and Castle trying to handle the bullshit themselves next season. They need a Dray. You could make an argument they lost the championship on rebounding, and that was also the reason they went seven games against OKC. They need a consistent, elite, three point shooter. Wemby, Juju, and Vassell all have good averages, and I’m happy with Harper and Castle’s improvement and I think they’ll get better, but every one of those guys is either hot or cold. They just need someone who consistently hits 40% instead of someone going 1-10 one game, and 8-10 another.",1,https://reddit.com/r/nbadiscussion/comments/1ubdwk0/now_that_the_season_is_over_what_do_you_think_the/osxtfs8/,discussion
osxt0tl,"With the exception of Harper, getting to the rim or taking middies. I think for was the only players they had in the finals that took a shot that wasn’t a 3 or a layup. You notice that every time Wemby tried to drive the Knicks just collapsed on them? Because after the first quarter, the SA offense from 3 fell off a cliff. SOMEONE on the team needs to be good at shots between the paint and 3. Also off-ball movement on offense. Also they need to be running 20k’s in the off season if they’re going to have at least one guy playing full court D. I LOVE that they do it but it looked like they were gassing hard late in the game.",1,https://reddit.com/r/nbadiscussion/comments/1ubdwk0/now_that_the_season_is_over_what_do_you_think_the/osxt0tl/,discussion
osxpecz,I think he can still win another championship but he needs the right team around him. I don’t think that’s us.,1,https://reddit.com/r/nbadiscussion/comments/1ubdwk0/now_that_the_season_is_over_what_do_you_think_the/osxpecz/,discussion
osxp9t4,You're right but they had to build that team around him....he's is not a ready made fit for any contender in the league at least not today.,1,https://reddit.com/r/nbadiscussion/comments/1ubdwk0/now_that_the_season_is_over_what_do_you_think_the/osxp9t4/,discussion
osxp0eh,He still won a championship and did so in dominant fashion. There’s a number of greats that can’t say the same and could do all those things you describe.,1,https://reddit.com/r/nbadiscussion/comments/1ubdwk0/now_that_the_season_is_over_what_do_you_think_the/osxp0eh/,discussion
osxowfj,"IMO the Mavs have all the pieces the Spurs need Starting PF that can defend & shoot- PJ Washington Backup PF/C that is a good rim runner - Daniel Gafford Backup PG that is pass-first with low turnovers - Ryan Nembhard Level headed vet with championship DNA - Klay Fox can be kept in Dallas, and Kyrie re-routed elsewhere (Minnesota?) Beyond roster changes I think the coach has one offseason to learn from what went wrong. Otherwise I think they need a vet coach … Michael Malone? Had success with Boogie & Joker",1,https://reddit.com/r/nbadiscussion/comments/1ubdwk0/now_that_the_season_is_over_what_do_you_think_the/osxowfj/,discussion
osxoufe,"If you can't set a screen, be a threat without the ball or nail a couple of crucial free throws...... you don't play winning ball",1,https://reddit.com/r/nbadiscussion/comments/1ubdwk0/now_that_the_season_is_over_what_do_you_think_the/osxoufe/,discussion
osxnjfi,I wouldn’t say that he doesn’t play winning ball. I’m just weary of his late season injury record at this point. He would cost too much for a guy who hasn’t been healthy when the playoffs come around. I don’t want to shorten our window for something that isn’t a guarantee.,1,https://reddit.com/r/nbadiscussion/comments/1ubdwk0/now_that_the_season_is_over_what_do_you_think_the/osxnjfi/,discussion
osxml7l,"And do you really want to mess up your team with a ball dominant player like giannis......there aren't enough balls on the court already..... I would in the spurs position take isiah Stewart all day over Giannis.... he doesn't play winning ball, I know he's got a ring but he needs to have the ball too much to be part of any current contender the only way Giannis fits is of you build around him.",1,https://reddit.com/r/nbadiscussion/comments/1ubdwk0/now_that_the_season_is_over_what_do_you_think_the/osxml7l/,discussion
osxj5bq,"Fox is fine for at least 1 more year, maybe 2. Then they'll dump the deal which will then only be a 2 year commitment for a bad team, not 4. IMO the younger players need to step up and demand the ball more in the clutch, which they will. I don't think Fox took all those shots at the end of games because he insisted on it, there was a huge reluctance by many Spurs players to put themselves on the line by taking those end of game shots",1,https://reddit.com/r/nbadiscussion/comments/1ubdwk0/now_that_the_season_is_over_what_do_you_think_the/osxj5bq/,discussion
osxezkm,"This is the correct answer. Every championship team since 2008 (and the majority of teams through the 80s-90s) featured a strong presence at the 3+4 positions. That means All-Star or 17+ppg type starter (ex. Aaron Gordon, OG). The Spurs lacked this. The Knicks did not. A Julius Randle trade this offseason would be ideal. If not, the Spurs need to go out and see if they can get a De'Andre Hunter type, as a minimum, and hope he has 2-3 good years. Otherwise, try to find a Jalen Johnson through the draft. Or maybe Paul George/Jimmy Butler is healthy for one year if both parties are desperate. In the draft, I like Yaxel Lendeborg for them, if they can trade up for him",1,https://reddit.com/r/nbadiscussion/comments/1ubdwk0/now_that_the_season_is_over_what_do_you_think_the/osxezkm/,discussion
osxabep,They don’t need shit. They need to get a little older. Pretty sure they were up in every finals game. W a little more experience them dudes would’ve won that series,1,https://reddit.com/r/nbadiscussion/comments/1ubdwk0/now_that_the_season_is_over_what_do_you_think_the/osxabep/,discussion
oswvvgu,Get LeBron James and a reliable backup center. Get another coach and three more bench players to rival okcs depth and they literally win the chip all things being equal.,1,https://reddit.com/r/nbadiscussion/comments/1ubdwk0/now_that_the_season_is_over_what_do_you_think_the/oswvvgu/,discussion
oswunkk,I feel like I’m taking crazy pills. Castle averaged 7.4 and Fox averaged 6.2. Harper is definitely that guy as well with more playing time. A PG who assists isn’t the problem.,1,https://reddit.com/r/nbadiscussion/comments/1ubdwk0/now_that_the_season_is_over_what_do_you_think_the/oswunkk/,discussion
oswt57t,"No, they definitely don’t need a Center next to Wemby. If they upgrade their starting lineup with a transaction it should be the 4, but that player needs to shoot",1,https://reddit.com/r/nbadiscussion/comments/1ubdwk0/now_that_the_season_is_over_what_do_you_think_the/oswt57t/,discussion
oswmccw,Everyone's talking like the Spurs missed the playoffs. They far exceeded expectations but to take the next step they will need a certain level of maturity. They also need a deeper bench. The biggest wildcard is keeping Wemby healthy vs. playing big minutes in playoffs. He needs to get stronger and in better shape.,1,https://reddit.com/r/nbadiscussion/comments/1ubdwk0/now_that_the_season_is_over_what_do_you_think_the/oswmccw/,discussion
oswktu6,"A player in the mold of Aaron Gordon/Scottie Barnes, but I do not know who can that be though.",1,https://reddit.com/r/nbadiscussion/comments/1ubdwk0/now_that_the_season_is_over_what_do_you_think_the/oswktu6/,discussion
oswip7c,No chance. Forget about it. Giannis would require one of Castle or Harper. A complete non-starter.,1,https://reddit.com/r/nbadiscussion/comments/1ubdwk0/now_that_the_season_is_over_what_do_you_think_the/oswip7c/,discussion
oswi9zz,"I don't think MIN would entrtain any downgrades for Randle. Randle is pretty good for his contract size, but he's not a star level player. Right now they need to keep their capsheet flexible, and adding on bigger contracts is precisely what they tried to avoid by trading KAT, with Ant making a max for the foreseeable future. If MPJ can be had for a smaller AAV, then trading Randle for him might make sense for MIN, but not at MPJ's current deal",1,https://reddit.com/r/nbadiscussion/comments/1ubdwk0/now_that_the_season_is_over_what_do_you_think_the/oswi9zz/,discussion
oswi6rv,"T Wolves think they can get an all star in return. We'll see what they can swing for. Divi is a great role player, but his contract is not such an asset. They want to move off him due to injury and 1 year left. He's the easy piece to move to re-sign Ayo (their priority).",1,https://reddit.com/r/nbadiscussion/comments/1ubdwk0/now_that_the_season_is_over_what_do_you_think_the/oswi6rv/,discussion
oswi1tm,Size and mobility They need a player around 6’7/6’8 that can guard the stronger forward options or go toe to toe with a player like KAT That way Wemby doesn’t get drawn to the perimeter too much,1,https://reddit.com/r/nbadiscussion/comments/1ubdwk0/now_that_the_season_is_over_what_do_you_think_the/oswi1tm/,discussion
oswhqt6,"Curious what would a Nets trade look like, MPJ for Randle?",1,https://reddit.com/r/nbadiscussion/comments/1ubdwk0/now_that_the_season_is_over_what_do_you_think_the/oswhqt6/,discussion
oswhb64,"1st, they may be good enough to win it all with no changes except normal player development. 2nd, a real PF like Isaiah Stewart would be perfect for them. The best way to attack the Spurs defense is to force Wemby into the action then attack the weakside with back door attacks and offensive rebounds. A real PF who can provide weakside rim protection and rebounding fixes all of that, so long as they can find a way to fit them in without clogging up the offense.",1,https://reddit.com/r/nbadiscussion/comments/1ubdwk0/now_that_the_season_is_over_what_do_you_think_the/oswhb64/,discussion
oswgftb,"It's totally fair to think Fox's deal is way too big and long and not worth the extra lottery balls. It's also fair to think they might be interested, and might be willing to take the risk You are entitled to your opinion, and it's totally valid. I'm just showing that there's an alternative path that a team in BKN's position might consider",1,https://reddit.com/r/nbadiscussion/comments/1ubdwk0/now_that_the_season_is_over_what_do_you_think_the/oswgftb/,discussion
oswerrk,"...because there's a reason to. A small guard that is not a floor general, not a good defender and only shot above 35% from 3 once in his career is not exactly brilliant. He's not Trae Young or Brunson as a passer. I even question if he could be a lead guard on his own on a bad team. The Kings had Hali and then Sabonis alongside him; the Spurs have Castle, Harper, Vassell as an underrated self creator and the gravity force that is Wemby. Fox on his own is a meh player. If he was making half of his salary he would be a positive. At a third of the total cap? There's a damn good reason that the Spurs are posturing about keeping him and a very good reason even openly tanking teams do not want an anchor on their payroll up to 2030. Wait and see what opportunities the market presents. If this costs a pick being #7 instead of #2, then patience. Unless it is a crazy top-heavy draft in that given year, it is a fair price to not have the headache of thinking ""how much do I need to attach to get rid of this guy and get out of the aprons?"".",1,https://reddit.com/r/nbadiscussion/comments/1ubdwk0/now_that_the_season_is_over_what_do_you_think_the/oswerrk/,discussion
oswemkw,"Kobe and Paul could have both easily gotten it that year. I think the main critique, which I agree with in a way, is that Paul never actually received a fair shot at the award because the media messed up by not giving Kobe the one he clearly deserved in 06. Basically, if Kobe got his 06 MVP then the voters would have considered Paul's case on equal footing as Kobe's.",1,https://reddit.com/r/nbadiscussion/comments/1uam5dk/offseason_historical_post_why_i_think_kobe_had/oswemkw/,discussion
oswe7g2,"Kobe wasn't seen as just ""solid"" in 2008. That was one of the best defensive years of his career and he finished 5th for DPOY which was the highest among all guards (depending on whether you consider Bowen a Guard or Forward that year). It was actually a huge deal in the media back then that Kobe reduced his offensive workload, became a better leader, and got back to being an elite defender. That narrative, along with him leading his team to a great record even prior to Pau arriving, is what got Kobe the MVP.",1,https://reddit.com/r/nbadiscussion/comments/1uam5dk/offseason_historical_post_why_i_think_kobe_had/oswe7g2/,discussion
oswe5gd,"Fox is easier to acquire though. Even though Austin Reaves is a free agent, there doesnt seem to be any indication LAL will let him go. Reaves has also stated multiple times he wants to stay long term. Fox is one of those players where his league wide value is low enough that bottom feeder teams can acquire him because other teams wouldnt want to.",1,https://reddit.com/r/nbadiscussion/comments/1ubdwk0/now_that_the_season_is_over_what_do_you_think_the/oswe5gd/,discussion
oswdzec,"Randle would make a lot more sense for a team like the Nets. Smaller contract, cheaper, play the wings, can excel at being a tank commander. If I'm sitting between Randle and the walking salary of Donte or Fox and Champagnie, I'm picking the former every time.",1,https://reddit.com/r/nbadiscussion/comments/1ubdwk0/now_that_the_season_is_over_what_do_you_think_the/oswdzec/,discussion
oswdvug,"Cost x benefit. Is better ping pong balls a decent price to get what will very likely be the worst contract in the league by 2028 and 2029? Even if you're thinking about forcing the issue of cheap 1st round exits, the Nets could have better targets with cap flexibility, aka the noise over Reaves (that, although very far from perfect, is crystal clear better than Fox as an offensive player, lead guard and a wash on defense. Both are bad). Fox right now is not unmovable. Fox as a 30 years old making a third of the cap, with no physical advantages and quite literally no special skills? He will require assets to be moved. Fox is, again, not a sniper, not a floor general nor a defender. The Nets do not need to precipitate, neither should other teams. Fox is a hard negative under that contract and would have been even if the Spurs won the championship, it's not 1-2 years of a mid-level salary dump.",1,https://reddit.com/r/nbadiscussion/comments/1ubdwk0/now_that_the_season_is_over_what_do_you_think_the/oswdvug/,discussion
oswdhtx,"Randle + Divi is more valuable than Fox though. Significantly. At this point Fox is mostly a negative asset, Randle is a neutral asset, and Divi is a positive asset.",1,https://reddit.com/r/nbadiscussion/comments/1ubdwk0/now_that_the_season_is_over_what_do_you_think_the/oswdhtx/,discussion
oswd5b5,Ya Fox and his contract are probably staying. Fox + Champagnie is a nice package. I'm just thinking what could the Spurs try. Big wing is their most pressing concern. T Wolves have a similar value package with Randle + Divi.,1,https://reddit.com/r/nbadiscussion/comments/1ubdwk0/now_that_the_season_is_over_what_do_you_think_the/oswd5b5/,discussion
oswd219,> are giving up very important cap flexibility for...what? To not be one of the 3 worst teams in the league. Which is suddenly important now if you want to win the lottery,1,https://reddit.com/r/nbadiscussion/comments/1ubdwk0/now_that_the_season_is_over_what_do_you_think_the/oswd219/,discussion
oswd09u,Trae but he is nothing like castle especially defense,1,https://reddit.com/r/nbadiscussion/comments/1ubdwk0/now_that_the_season_is_over_what_do_you_think_the/oswd09u/,discussion
oswc8z5,Castle is 21 and was 6th in assists lol,1,https://reddit.com/r/nbadiscussion/comments/1ubdwk0/now_that_the_season_is_over_what_do_you_think_the/oswc8z5/,discussion
oswc5g4,"But they're giving up solid cap flexibility up to 2030. This absolutely is giving up something, especially when it is a given that Fox's contract will demand assets to be moved in the last 2 years. This is not a KD-type of move, Fox can raise the floor of a team up to the 1st round at best if not surrounded with talent and can become a liability fast even now (and that was the same on the Kings. He is what he is). This eventual 3rd team, let's say, the Nets, are giving up very important cap flexibility for...what? A 1st round exist? A contract that will be extremely hard to move then the Nets will effectively need cap flexibility?",1,https://reddit.com/r/nbadiscussion/comments/1ubdwk0/now_that_the_season_is_over_what_do_you_think_the/oswc5g4/,discussion
oswc4tu,"T Wolves have been trying to package Randle + Divi. Fox is probably staying because his contract is so big, plus they have cap space. They could use the 15M MLE on a wing.",1,https://reddit.com/r/nbadiscussion/comments/1ubdwk0/now_that_the_season_is_over_what_do_you_think_the/oswc4tu/,discussion
oswbgiw,"OKC let Harden get away over money and it wat a terrible mistake, but in my opinion that era is over. If Harper is even close, they'll just pay him.",1,https://reddit.com/r/nbadiscussion/comments/1ubdwk0/now_that_the_season_is_over_what_do_you_think_the/oswbgiw/,discussion
oswb3al,"They need a true P4 next to Wemby, preferably a stretch. Aaron Gordon in his prime would’ve been perfect but he’s sacrificed his body for that Nuggets team. Randle/Reid would fit nicely next to Wemby if the TWolves are interested in Fox",1,https://reddit.com/r/nbadiscussion/comments/1u6dnbh/what_does_wembyspurs_need_to_do_tactically_to/oswb3al/,discussion
oswax3l,"Someone needs to have a heart to heart with Wemby and tell him that trying to play like Durant at his size is a waste. He got stonewalled by KAT and Robinson on every drive to the basket. He needs to work on the mid post and high post face-up/turnaround jumper. Basically get into a gym with Dirk. As a team, they need a four that can body up, rebound but also shoot a little. I don't know if anyone like that is available. The bench also needs more depth. Replacing guys like Olynyk and Plumlee with wings and bigs that can actually contribute would be good",1,https://reddit.com/r/nbadiscussion/comments/1ubdwk0/now_that_the_season_is_over_what_do_you_think_the/oswax3l/,discussion
oswawh0,"it's nothing in the sense that the bad team didnt give up anything, to get immediately better and move up in the standings, especially in the new draft era, that can be especially critical",1,https://reddit.com/r/nbadiscussion/comments/1ubdwk0/now_that_the_season_is_over_what_do_you_think_the/oswawh0/,discussion
oswar72,Hmmm I wouldn’t doubt it honestly,1,https://reddit.com/r/nbadiscussion/comments/1ubdwk0/now_that_the_season_is_over_what_do_you_think_the/oswar72/,discussion
oswaq2s,Is it at all possible that they could make a fox and Giannis swap work? If they have enough picks I’d go all in. I don’t think they should bank on Wemby’s prime lasting very long.,1,https://reddit.com/r/nbadiscussion/comments/1ubdwk0/now_that_the_season_is_over_what_do_you_think_the/oswaq2s/,discussion
oswags3,Literally handed a title. Nearly every team would be a contender with the top 4 picks they got in the specific years they got.,1,https://reddit.com/r/nbadiscussion/comments/1ubdwk0/now_that_the_season_is_over_what_do_you_think_the/oswags3/,discussion
oswadsy,And to correct— Castle was 9th in the league. But your point remains,1,https://reddit.com/r/nbadiscussion/comments/1ubdwk0/now_that_the_season_is_over_what_do_you_think_the/oswadsy/,discussion
oswabsa,A third of the cap for 4 years for an undersized lead guard that is neither a sniper nor an above average passer and will be in his early 30s in the later half of the contract is not “nothing”.,1,https://reddit.com/r/nbadiscussion/comments/1ubdwk0/now_that_the_season_is_over_what_do_you_think_the/oswabsa/,discussion
oswa44a,"You are not wrong about that archetype being extinct. And yeah, castle did average a good amount of assists. But I still feel like he’s more of a two guard. Plus, amongst their guard rotation, someone will have to come off the bench, and it’s easy to assume that someone won’t like that. Especially with another team offering starter money. Players moving and teams having to adjust is inevitable.",1,https://reddit.com/r/nbadiscussion/comments/1ubdwk0/now_that_the_season_is_over_what_do_you_think_the/oswa44a/,discussion
osw9wok,Actually Fox was bad but he didn’t disappear. Fox is an upgrade for them and with the ball in ants hands in the clutch it seems like a win win. Salaries don’t work though,1,https://reddit.com/r/nbadiscussion/comments/1ubdwk0/now_that_the_season_is_over_what_do_you_think_the/osw9wok/,discussion
osw9vht,"I think Lebron would never actively (publicly) campaign for it, but if it was offered to him by LA, LA would be doing it to Lebron rather than Lebron doing it for himself. I think the only way this happens is if LA has a good deal in place with a younger free agent but they need to clear the Lebron cap. Then the other teams can work out a deal to achieve their own ends. For SAS it will be to rid themselves of Fox's deal, and for the 3rd team (e.g. BKN) it will be to get out of the bottom 3 draft slots. It will take a lot for everyone to be on board but, it's not impossible",1,https://reddit.com/r/nbadiscussion/comments/1ubdwk0/now_that_the_season_is_over_what_do_you_think_the/osw9vht/,discussion
osw9mrh,https://x.com/i/status/2068450175501103396 Harper camp demanding he starts might be BS.,1,https://reddit.com/r/nbadiscussion/comments/1ubdwk0/now_that_the_season_is_over_what_do_you_think_the/osw9mrh/,discussion
osw9czj,"As a LeBron fan, him joining the Spurs would be super dope. But realistically, there’s no way LeBron would do that",1,https://reddit.com/r/nbadiscussion/comments/1ubdwk0/now_that_the_season_is_over_what_do_you_think_the/osw9czj/,discussion
osw987c,"Very true, but also like I said to someone else, players leaving for more money or starting roles is inevitable. Harper will have to decide either to pull a Manu or a James Harden eventually",1,https://reddit.com/r/nbadiscussion/comments/1ubdwk0/now_that_the_season_is_over_what_do_you_think_the/osw987c/,discussion
osw8zfc,Oooooo I wouldn’t be too mad about that trade. But Randles inconsistency and lack of effort at times would worry me,1,https://reddit.com/r/nbadiscussion/comments/1ubdwk0/now_that_the_season_is_over_what_do_you_think_the/osw8zfc/,discussion
osw8tk8,"Agree mostly, but also, with what your saying, you are assuming no one leaves in free agency the next couple years. Harper’s agent has also already said they are demanding to start. So player movement and adding pieces will always be inevitable",1,https://reddit.com/r/nbadiscussion/comments/1ubdwk0/now_that_the_season_is_over_what_do_you_think_the/osw8tk8/,discussion
osw8t3d,"You seem to have an extremely tenuous grasp on basic stats. Have a nice night, we’ll agree to disagree.",1,https://reddit.com/r/nbadiscussion/comments/1uaedf2/stupid_question_is_it_in_a_vacuum_more_impactful/osw8t3d/,discussion
osw8b66,Nope. The 48 shot guy is the one who played 30 minutes instead of 25. More possessions. He does not have a higher usage rate.,1,https://reddit.com/r/nbadiscussion/comments/1uaedf2/stupid_question_is_it_in_a_vacuum_more_impactful/osw8b66/,discussion
osw842g,">They need a 4. Lebron is one of the most tantalizing PFs on the market. If the Spurs could go for a 3 way tade to send Fox's salary to a bottom feeder third team with 50M in space, get LA to SnT him to the Spurs, that could work out for all 3 parties. * 3rd team gets a ""star"" guard for nothing. * Spurs get a PF who they can let expire into retirement right before all the players start making bank, and go back into Free Agency with lots of capspace to make a splash signing in 2028 or 2029 * Lakers can help him with securing another year of a max, without compromising their cap space, so they can go big game hunting this year.",1,https://reddit.com/r/nbadiscussion/comments/1ubdwk0/now_that_the_season_is_over_what_do_you_think_the/osw842g/,discussion
osw7yqr,"I don’t think you understand what usage means. When you change the denominator on their shooting from 40 to 48, you increase the usage. Definitionally, like that’s not my opinion, it’s how the metric works. 8 more possessions ended with the ball in that player’s hands. This conversation no longer makes sense, because you’re twisting basic concepts to avoid publicly changing your mind.",1,https://reddit.com/r/nbadiscussion/comments/1uaedf2/stupid_question_is_it_in_a_vacuum_more_impactful/osw7yqr/,discussion
osw7wdk,"Honestly not much. As an insanely young team they got through a loaded west and ran into an on fire Knicks team. If the Spurs learn and mature from this experience, they’ll make a run for the title again. Stephon Castle (21 and first playoffs) Julian Champaigne (24 and first playoffs) De’Aaron Fox (28 and second playoffs) Dylan Harper (20 and first playoffs) Keldon Johnson (26 and first playoffs) Luke Kornet (30 and sixth playoffs) Devin Vassell (25 and first playoffs) Victor Wembanyama (22 and first playoffs) Those are the players who averaged 10+ minutes in the playoffs this year. Outside of Kornet (who averaged the least of the group at 12.9 mpg) and Fox (who was in only his second playoffs), this is all of their first time in the playoffs, much less deep runs. If they learn, they’ll will do excellent going forward",1,https://reddit.com/r/nbadiscussion/comments/1ubdwk0/now_that_the_season_is_over_what_do_you_think_the/osw7wdk/,discussion
osw6nk0,"They’ll compete no matter what, with that lottery luck. It’s insane how cheap their team is. They probably don’t even need to move Fox for 2+ years.",1,https://reddit.com/r/nbadiscussion/comments/1ubdwk0/now_that_the_season_is_over_what_do_you_think_the/osw6nk0/,discussion
osw5gqa,"Yes, that’s the whole point of making it 40 FGA in 25 minutes and 48 FGA in 30. Because it’s the same usage. Though turnovers matter and so does the number of possessions in those extra 5 minutes. I’m assuming they even out.",1,https://reddit.com/r/nbadiscussion/comments/1uaedf2/stupid_question_is_it_in_a_vacuum_more_impactful/osw5gqa/,discussion
osw46xy,That’s false. Do you know what usage rate is?,1,https://reddit.com/r/nbadiscussion/comments/1uaedf2/stupid_question_is_it_in_a_vacuum_more_impactful/osw46xy/,discussion
osw3z4v,They need a 4. Honestly the Randle for Fox trade makes sense. But for the T Wolves that's like plan C.,1,https://reddit.com/r/nbadiscussion/comments/1ubdwk0/now_that_the_season_is_over_what_do_you_think_the/osw3z4v/,discussion
osw3cog,"The type of point guard you’re talking about is extinct, Isiah Collier is the last one standing otherwise only high usage stars get assists like that. And either way the spurs guard rotation is already a strength, they’re not going to want to add another guard.",1,https://reddit.com/r/nbadiscussion/comments/1ubdwk0/now_that_the_season_is_over_what_do_you_think_the/osw3cog/,discussion
osvzwc7,"Everything else is identical in my comment too. It just matters if it’s 25% = 25%, or 100% = 100%.",1,https://reddit.com/r/nbadiscussion/comments/1uaedf2/stupid_question_is_it_in_a_vacuum_more_impactful/osvzwc7/,discussion
osvyxaj,"You absolutely missed shit, read the first six words of my first comment again man. You’re replying to me, not OP, and I very clearly said “yeah if everything else is identical.” You’re barking up the wrong tree",1,https://reddit.com/r/nbadiscussion/comments/1uaedf2/stupid_question_is_it_in_a_vacuum_more_impactful/osvyxaj/,discussion
osvyewc,"I didn’t miss shit, this post is hilarious.",1,https://reddit.com/r/nbadiscussion/comments/1uaedf2/stupid_question_is_it_in_a_vacuum_more_impactful/osvyewc/,discussion
osvxmpv,"You missed the part where everything else is the same, which would include usage. That’s always e accounted for, making it a solved problem",1,https://reddit.com/r/nbadiscussion/comments/1uaedf2/stupid_question_is_it_in_a_vacuum_more_impactful/osvxmpv/,discussion
osvpiqd,"> I always wonder if people like you talk this way in real life. It's not a way to be persuasive. Also, downvoting my comments is childish. 1. lol I didn’t downvote you. 2. You are on an actual discussion forum. You should not be using winshares at all lol > And, incorrect. Asking you to defend a metric that has counterintuitive results is a valid way to discuss something. If you understand it well you should be able to answer straightforwardly. I.. did? Read! > I know, which is why I asked for whatever adjusted one you were thinking of. Everything was sent > In your other comment to me you copy/pasted a comment from a different reddit user 4 years ago. There were some good links there but you obviously should not be pretending that you wrote that. Next time link some of that information to begin with, it's more persuasive. ……. Oh Jesus Christ. Homie. Just read. That 4 year old post is literally from REALGM. And guess how I started my comment when I listed the stats? From REAL GM. If you cannot read, please don’t enter an Internet forum.",1,https://reddit.com/r/nbadiscussion/comments/1uam5dk/offseason_historical_post_why_i_think_kobe_had/osvpiqd/,discussion
osvowqo,"> Nah for real. > Not trying to be mean, but trying to find critique in a metric you have no understanding of isn’t really the best way to discuss anything. lol I always wonder if people like you talk this way in real life. It's not a way to be persuasive. Also, downvoting my comments is childish. And, incorrect. Asking you to defend a metric that has counterintuitive results is a valid way to discuss something. If you understand it well you should be able to answer straightforwardly. > This is single season rapm, which is a bit noisy as well. I know, which is why I asked for whatever adjusted one you were thinking of. And no, winshares obviously have serious issues. As do other metrics. In your other comment to me you copy/pasted a comment from a different reddit user 4 years ago. There were some good links there but you obviously should not be pretending that you wrote that. Next time link some of that information to begin with, it's more persuasive.",1,https://reddit.com/r/nbadiscussion/comments/1uam5dk/offseason_historical_post_why_i_think_kobe_had/osvowqo/,discussion
osvon1a,We got there because owners don’t want to pay the players their worth. As simple as that.,1,https://reddit.com/r/nbadiscussion/comments/1u9xxcb/the_philosophical_problem_with_the_current_cba/osvon1a/,discussion
osvjw56,"> Do you actually think that or is that just a thing that felt good to say Nah for real. Like winshares are absolutely useless and has awful predictive rate It’s basically PER lol > Ok- and what were Paul and Bryant's value for these? I assume this is the RAPM without priors (Bryant 8, Paul 38 https://basketball-analytics.gitlab.io/rapm-data/season/2007-08/regular-season/ No like I’m straight up telling you, you can look at any adjusted form of +\- in 2008 and you will find Kobe utterly destroying Paul. It’s really not close. This is single season rapm, which is a bit noisy as well. > Is the metric reasonable if the vanilla version has Paul at 38 and Ginobli at 4? Not trying to be mean, but trying to find critique in a metric you have no understanding of isn’t really the best way to discuss anything. lol Chris Paul had better winshares than LeBron that season. Was he better than LeBron? Amare stoudemire had better winshares/48 than Kobe, Lebron, etc was he really that good?",1,https://reddit.com/r/nbadiscussion/comments/1uam5dk/offseason_historical_post_why_i_think_kobe_had/osvjw56/,discussion
osvih7a,"> using WS in this day and age should get you banned from whatever community ur in Do you actually think that or is that just a thing that felt good to say > Reliable Impact metrics are stats like rapm with multi year priors Ok- and what were Paul and Bryant's value for these? I assume this is the RAPM without priors (Bryant 8, Paul 38 https://basketball-analytics.gitlab.io/rapm-data/season/2007-08/regular-season/ Is the metric reasonable if the vanilla version has Paul at 38 and Ginobli at 4?",1,https://reddit.com/r/nbadiscussion/comments/1uam5dk/offseason_historical_post_why_i_think_kobe_had/osvih7a/,discussion
osveiqo,"They are literally all box score aggregates lol. Having said that, I honestly think using WS in this day and age should get you banned from whatever community ur in. Reliable Impact metrics are stats like rapm with multi year priors, apm with priors, etc.",1,https://reddit.com/r/nbadiscussion/comments/1uam5dk/offseason_historical_post_why_i_think_kobe_had/osveiqo/,discussion
osvdqno,"What aggregate metrics are you thinking of? Paul led the league in OWS, WS, WS/48 (and Kobe was not that close). Paul had a much better VORP.",1,https://reddit.com/r/nbadiscussion/comments/1uam5dk/offseason_historical_post_why_i_think_kobe_had/osvdqno/,discussion
osvcoog,"Your post does not contain substantive information, promote serious discussion, and/or offer a nuanced or engaging point of view. Feel free to make a new post that meets that criteria or edit this post and send a modmail request to unlock it. Please read the sticky post FAQ for more information. Thanks!",1,https://reddit.com/r/nbadiscussion/comments/1ubddoy/based_on_his_marriage_to_a_jewish_woman_would/osvcoog/,discussion
osv5omj,"I don’t understand why this is the popular opinion. What matters is the efficiency itself. It completely flips the value. 20 points on 10-40 FG is better than 25 points on 12-48 (throw in a free throw I guess, it doesn’t matter for the concept). 20 points on 10-10 FG is worse than 25 points on 12-12.",1,https://reddit.com/r/nbadiscussion/comments/1uaedf2/stupid_question_is_it_in_a_vacuum_more_impactful/osv5omj/,discussion
osv4avh,"It matters what the efficiency is. Not just that they are equal to each other. This should be obvious if you look at the extreme ends of things. Making every single shot, the 25 points is obviously better. Shooting 10% from the field, the 20 is.",1,https://reddit.com/r/nbadiscussion/comments/1uaedf2/stupid_question_is_it_in_a_vacuum_more_impactful/osv4avh/,discussion
osuzgjm,"20 in in 25 is less points, in less minutes, at a lower rate of scoring. If you're saying the efficiency is the same and the rest is a vaccuum, 25 on 30 is objectively better, so your premise is wrong there. Beyond that, there's nothing really to break down in terms what's more impactful. Scoring at a rate that high means you're either on a heater or you take all the shots, and because you placed this experiment inside a vacuum, there's no way to know how it impacts the external.",1,https://reddit.com/r/nbadiscussion/comments/1uaedf2/stupid_question_is_it_in_a_vacuum_more_impactful/osuzgjm/,discussion
osumxy4,We receive a lot of posts on this topic. Please browse one of the previous posts or use the appropriate mega-thread or weekly questions thread. [Here's a link](https://www.reddit.com/r/nbadiscussion/s/HXgIUWrw3R) to the In-Season Tourney mega-thread. [Here's a link](https://www.reddit.com/r/nbadiscussion/comments/1iq7q2h/megathread_allstar_game_thoughts_suggestions_etc/) to the All-Star Game mega-thread. [Here’s a link](https://www.reddit.com/r/nbadiscussion/comments/1r44ilj/how_to_fix_tanking_once_and_for_all/) to the How to Fix the NBA mega-thread.,1,https://reddit.com/r/nbadiscussion/comments/1ub9g2t/the_nba_should_make_the_inseason_tournament/osumxy4/,discussion
osu9no5,"Yeah good point, who cares about development when your guys on bench are going into portal because they are not playing and studs leave for more $, what a great system. European players start in youth system, practice and play with men instead of reclass so you can play with younger players in American system, while playing a track meet called Aau tourney where you accumulate as much talent as much talent as possible and press and throw lobs to athletes. Wonder why US system behind?",1,https://reddit.com/r/nbadiscussion/comments/1u8yxdk/no_one_seems_to_be_writing_about_just_how_much/osu9no5/,discussion
ostwc7m,"What an embarrassment of riches. If You have 3 of the top 15 players in the league, that is insane. You would be fine with minimums. The reality is you have three players paid like all nba who are actually only top 50, your gm overpaid and now you will be “punished” with a player underperforming their contract. Seems like the FO is still the problem.",1,https://reddit.com/r/nbadiscussion/comments/1u9xxcb/the_philosophical_problem_with_the_current_cba/ostwc7m/,discussion
ostjhsh,"I always enjoy the write-ups mate. You've got a great way of explaining and propping up the player, without degrading other players. It's a breathe of fresh air. Cheers!",1,https://reddit.com/r/nbadiscussion/comments/1tp65x8/may_28_1938_jerry_west_was_born_with_all_the_big/ostjhsh/,discussion
ost4b9f,"The only years CP3 was a more valuable player than Kobe was post achilles tear, when Kobes career was pretty much over.",1,https://reddit.com/r/nbadiscussion/comments/1uam5dk/offseason_historical_post_why_i_think_kobe_had/ost4b9f/,discussion
ost0weg,"I didnt read the article but... 11.6k in expenses (140k a year) 7k baby mama fees (84k a year or 1.5 mill over 18 years) Idk how much he has sitting stagnant but even if you cut 60% of his nba earnings for taxes and agent fees thats 70 million left over. The assumption is he if flat broke and NEEDS to work a job but there is a workd where he is doing the work he does because he likes to stay busy but not work for free. If he just saved 40 million and blew the other 30 million thats 400k for 100 years after taxes. Again, we are assuming he is flat broke and not treating his job like a retired 70 year old teaching woodshop classes at a school. If he truly is broke its poor financial decisions. His current lifestyle is more than manageable.",1,https://reddit.com/r/nbadiscussion/comments/1u5men3/former_nba_champion_trevor_ariza_reportedly/ost0weg/,discussion
ossyvww,I don’t think it’s panic to say trade De’Aaron. That’s just an obvious and sensible thing to do. Trading him will make the team make more sense while also giving the two young guards more space to develop,1,https://reddit.com/r/nbadiscussion/comments/1u7p7np/can_we_talk_about_the_reversejudgement_happening/ossyvww/,discussion
osst4cg,"I disagree his playing career in China alone puts him in the hall. Yi Jianlian and Wang Zhizhi accomplished more than him in CBA, and those 2 making it to the NBA does more for China than Marbury. Those 2 aren’t in hall of fame talks. CBA accomplishments, along with most international accomplishments aside from euroleague and FIBA continental and international tournaments, do not carry weight in the Naismith Hall of Fame. They carry wait for FIBA basketball hall of fame",1,https://reddit.com/r/nbadiscussion/comments/1ua486u/serious_in_or_out_basketball_hall_of_fame_edition/osst4cg/,discussion
oss9xps,"Every conceivable, reliable, impact aggregate has Kobe pretty handily over cp3 that season. Stop only using box stat analytics to create an opinion",1,https://reddit.com/r/nbadiscussion/comments/1uam5dk/offseason_historical_post_why_i_think_kobe_had/oss9xps/,discussion
oss5jfg,Bring up reputation over stats for kobes favor is not helping his case at all. Eye test and reputation are absolutely not indicators that he deserves MVP. He was less efficient and had worse advanced stats across the board. It's essentially the Westbrook vs kawhi and harden case but ten years earlier.,1,https://reddit.com/r/nbadiscussion/comments/1uam5dk/offseason_historical_post_why_i_think_kobe_had/oss5jfg/,discussion
oss01u4,"You are hovering around an important point (that Silver has overplayed his hand and screwed things up with the CBA), but it’s a weird argument to make when the best teams in the league have all been built organically (OKC, SA, DET) and there is no real reason to think they won’t continue to be great. Teams that have good ownership and are true contenders should just pay to keep their teams together, 2nd apron be damned. The penalties don’t affect young teams with lots of depth and future picks from other teams. It’s all a question of whether ownership will foot the bill to keep those cores together for 2-3 contracts while the young guys grow into their primes and establish chemistry. Nothing is stopping that from happening. The CBA penalties just give owners a reason to cheap out that casual fans can get behind.",1,https://reddit.com/r/nbadiscussion/comments/1u9xxcb/the_philosophical_problem_with_the_current_cba/oss01u4/,discussion
osrycw2,Starts post with “now obviously” and then makes a logically false statement lol,1,https://reddit.com/r/nbadiscussion/comments/1uaedf2/stupid_question_is_it_in_a_vacuum_more_impactful/osrycw2/,discussion
osrw9p8,"It's not just Duren and his agent, there is a GM out there that will offer him a big contract.",1,https://reddit.com/r/nbadiscussion/comments/1u9xxcb/the_philosophical_problem_with_the_current_cba/osrw9p8/,discussion
